{"stats":{"minecraft:dropped":{"minecraft:golden_chestplate":1,"minecraft:wheat":1,"minecraft:oak_planks":2,"minecraft:stone":1,"minecraft:gunpowder":5,"minecraft:wooden_axe":1,"minecraft:andesite":16,"minecraft:wooden_pickaxe":2,"minecraft:stone_pickaxe":1},"minecraft:used":{"minecraft:cooked_mutton":7,"minecraft:stone_pickaxe":191,"minecraft:chest":1,"minecraft:wooden_pickaxe":50,"minecraft:shield":4,"minecraft:iron_sword":3,"minecraft:iron_chestplate":3,"minecraft:torch":10,"minecraft:dirt":21,"minecraft:sand":2,"minecraft:mutton":3,"minecraft:crafting_table":8,"minecraft:dripstone_block":2,"minecraft:golden_chestplate":2,"minecraft:smoker":2,"minecraft:wooden_axe":28,"minecraft:bread":11,"minecraft:iron_helmet":1,"minecraft:iron_boots":1,"minecraft:stone_axe":50,"minecraft:cobblestone":18,"minecraft:oak_sapling":2,"minecraft:furnace":2,"minecraft:cooked_porkchop":2,"minecraft:oak_boat":1,"minecraft:egg":2,"minecraft:iron_leggings":1},"minecraft:mined":{"minecraft:smoker":1,"minecraft:crafting_table":7,"minecraft:torch":1,"minecraft:grass_block":6,"minecraft:cobblestone":1,"minecraft:wall_torch":7,"minecraft:hay_block":72,"minecraft:furnace":2,"minecraft:birch_log":14,"minecraft:iron_ore":25,"minecraft:fire":7,"minecraft:andesite":3,"minecraft:grass":17,"minecraft:oak_log":33,"minecraft:coal_ore":111,"minecraft:sand":2,"minecraft:dirt":19,"minecraft:stone":89,"minecraft:oak_leaves":3},"minecraft:picked_up":{"minecraft:birch_log":14,"minecraft:crafting_table":7,"minecraft:wheat":9,"minecraft:andesite":16,"minecraft:leather":6,"minecraft:wooden_pickaxe":1,"minecraft:smoker":1,"minecraft:oak_log":32,"minecraft:gunpowder":5,"minecraft:dirt":25,"minecraft:wheat_seeds":1,"minecraft:smooth_stone":6,"minecraft:iron_ingot":9,"minecraft:beef":13,"minecraft:oak_boat":1,"minecraft:light_gray_wool":1,"minecraft:oak_planks":1,"minecraft:furnace":2,"minecraft:egg":2,"minecraft:stick":3,"minecraft:raw_iron":37,"minecraft:stone":1,"minecraft:torch":8,"minecraft:raw_iron_block":25,"minecraft:dripstone_block":2,"minecraft:porkchop":23,"minecraft:sand":2,"minecraft:rotten_flesh":2,"minecraft:hay_block":79,"minecraft:oak_sapling":2,"minecraft:mutton":24,"minecraft:coal":204,"minecraft:white_wool":15,"minecraft:cobblestone":91},"minecraft:killed_by":{"minecraft:player":1},"minecraft:crafted":{"minecraft:cooked_beef":2,"minecraft:smooth_stone":6,"minecraft:oak_planks":44,"minecraft:raw_iron":1180,"minecraft:cooked_porkchop":17,"minecraft:crafting_table":2,"minecraft:wooden_pickaxe":2,"minecraft:iron_helmet":1,"minecraft:iron_sword":1,"minecraft:furnace":3,"minecraft:blast_furnace":2,"minecraft:stone":6,"minecraft:birch_planks":32,"minecraft:stone_axe":2,"minecraft:cooked_mutton":18,"minecraft:bread":168,"minecraft:air":0,"minecraft:oak_boat":1,"minecraft:iron_boots":1,"minecraft:iron_chestplate":1,"minecraft:shield":1,"minecraft:stick":60,"minecraft:iron_ingot":107,"minecraft:stone_pickaxe":2,"minecraft:wooden_axe":2,"minecraft:chest":1,"minecraft:iron_leggings":2,"minecraft:torch":24,"minecraft:wheat":496,"minecraft:smoker":1},"minecraft:custom":{"minecraft:interact_with_furnace":24,"minecraft:mob_kills":44,"minecraft:interact_with_crafting_table":38,"minecraft:leave_game":5,"minecraft:time_since_death":108605,"minecraft:climb_one_cm":424,"minecraft:time_since_rest":108723,"minecraft:sprint_one_cm":295479,"minecraft:damage_taken":1141,"minecraft:walk_one_cm":97381,"minecraft:damage_blocked_by_shield":50,"minecraft:drop":22,"minecraft:damage_dealt":5045,"minecraft:swim_one_cm":32234,"minecraft:fly_one_cm":232570,"minecraft:open_chest":13,"minecraft:crouch_one_cm":3078,"minecraft:play_time":131940,"minecraft:deaths":1,"minecraft:sneak_time":1939,"minecraft:walk_under_water_one_cm":26050,"minecraft:boat_one_cm":442890,"minecraft:jump":1634,"minecraft:walk_on_water_one_cm":15774,"minecraft:total_world_time":131940,"minecraft:interact_with_smoker":9,"minecraft:fall_one_cm":47231},"minecraft:killed":{"minecraft:pig":14,"minecraft:creeper":1,"minecraft:horse":1,"minecraft:sheep":16,"minecraft:zombie":5,"minecraft:cow":6}},"DataVersion":3465}