{"stats":{"minecraft:dropped":{"minecraft:stone_axe":4,"minecraft:wheat_seeds":6,"minecraft:stone_sword":4,"minecraft:chicken":3,"minecraft:feather":6,"minecraft:light_gray_wool":1,"minecraft:cooked_mutton":6,"minecraft:white_bed":3,"minecraft:carrot":15,"minecraft:stick":2,"minecraft:dirt":15,"minecraft:hay_block":42,"minecraft:diorite":9,"minecraft:charcoal":38,"minecraft:wooden_axe":2,"minecraft:jungle_log":38,"minecraft:jungle_sapling":3,"minecraft:arrow":2,"minecraft:stone_pickaxe":6,"minecraft:wooden_pickaxe":4,"minecraft:paper":18,"minecraft:white_wool":5,"minecraft:egg":3},"minecraft:crafted":{"minecraft:cooked_beef":4,"minecraft:oak_planks":56,"minecraft:crafting_table":1,"minecraft:wooden_pickaxe":1,"minecraft:cooked_chicken":1,"minecraft:iron_sword":1,"minecraft:furnace":1,"minecraft:bucket":1,"minecraft:stone_axe":1,"minecraft:cooked_mutton":6,"minecraft:air":0,"minecraft:iron_boots":1,"minecraft:iron_chestplate":1,"minecraft:shield":1,"minecraft:stick":12,"minecraft:iron_ingot":28,"minecraft:iron_pickaxe":1,"minecraft:stone_pickaxe":1,"minecraft:wooden_axe":1,"minecraft:iron_leggings":1,"minecraft:white_bed":2,"minecraft:torch":20},"minecraft:custom":{"minecraft:interact_with_furnace":24,"minecraft:mob_kills":27,"minecraft:interact_with_crafting_table":15,"minecraft:leave_game":3,"minecraft:time_since_death":35974,"minecraft:sleep_in_bed":4,"minecraft:time_since_rest":9519,"minecraft:sprint_one_cm":139611,"minecraft:damage_taken":739,"minecraft:walk_one_cm":71203,"minecraft:damage_blocked_by_shield":130,"minecraft:drop":67,"minecraft:damage_dealt":3511,"minecraft:swim_one_cm":15706,"minecraft:player_kills":1,"minecraft:fly_one_cm":228815,"minecraft:open_chest":1,"minecraft:crouch_one_cm":5423,"minecraft:play_time":42342,"minecraft:deaths":1,"minecraft:sneak_time":1905,"minecraft:walk_under_water_one_cm":3267,"minecraft:jump":1151,"minecraft:walk_on_water_one_cm":9835,"minecraft:total_world_time":42342,"minecraft:fall_one_cm":34464},"minecraft:killed_by":{"minecraft:player":1},"minecraft:mined":{"minecraft:white_bed":3,"minecraft:dandelion":3,"minecraft:crafting_table":6,"minecraft:grass_block":2,"minecraft:rose_bush":2,"minecraft:tall_grass":2,"minecraft:cobblestone":1,"minecraft:oak_planks":7,"minecraft:sugar_cane":2,"minecraft:diorite":3,"minecraft:furnace":7,"minecraft:iron_ore":29,"minecraft:pumpkin":8,"minecraft:grass":3,"minecraft:oak_log":21,"minecraft:coal_ore":37,"minecraft:stone":67,"minecraft:oak_leaves":7},"minecraft:used":{"minecraft:cooked_mutton":6,"minecraft:rose_bush":1,"minecraft:stone_pickaxe":112,"minecraft:oak_planks":9,"minecraft:shield":12,"minecraft:wooden_pickaxe":6,"minecraft:iron_sword":10,"minecraft:cooked_chicken":1,"minecraft:rotten_flesh":2,"minecraft:iron_chestplate":1,"minecraft:torch":2,"minecraft:dirt":2,"minecraft:mutton":2,"minecraft:crafting_table":6,"minecraft:white_bed":3,"minecraft:oak_log":2,"minecraft:wooden_axe":2,"minecraft:iron_pickaxe":26,"minecraft:stone_axe":67,"minecraft:cobblestone":45,"minecraft:bow":3,"minecraft:furnace":4,"minecraft:bucket":1,"minecraft:egg":3,"minecraft:cooked_beef":2,"minecraft:dandelion":3,"minecraft:pumpkin":1},"minecraft:killed":{"minecraft:pig":6,"minecraft:creeper":1,"minecraft:skeleton":2,"minecraft:sheep":8,"minecraft:zombie":1,"minecraft:chicken":1,"minecraft:cow":8},"minecraft:picked_up":{"minecraft:wooden_axe":1,"minecraft:charcoal":38,"minecraft:crafting_table":8,"minecraft:feather":6,"minecraft:chicken":4,"minecraft:jungle_log":38,"minecraft:leather":6,"minecraft:wooden_pickaxe":3,"minecraft:oak_log":21,"minecraft:dirt":17,"minecraft:paper":12,"minecraft:cooked_mutton":6,"minecraft:bow":1,"minecraft:wheat_seeds":6,"minecraft:stone_pickaxe":5,"minecraft:beef":28,"minecraft:rose_bush":2,"minecraft:jungle_sapling":3,"minecraft:light_gray_wool":1,"minecraft:sugar_cane":6,"minecraft:oak_planks":29,"minecraft:egg":6,"minecraft:furnace":6,"minecraft:stick":6,"minecraft:raw_iron":30,"minecraft:pumpkin":8,"minecraft:dandelion":3,"minecraft:porkchop":13,"minecraft:carrot":10,"minecraft:diorite":9,"minecraft:white_bed":5,"minecraft:stone_sword":4,"minecraft:stone_shovel":1,"minecraft:arrow":5,"minecraft:rotten_flesh":2,"minecraft:stone_axe":4,"minecraft:hay_block":42,"minecraft:oak_sapling":8,"minecraft:mutton":13,"minecraft:coal":113,"minecraft:white_wool":11,"minecraft:cobblestone":71}},"DataVersion":3465}