{"stats":{"minecraft:crafted":{"minecraft:oak_planks":20,"minecraft:iron_boots":1,"minecraft:iron_chestplate":1,"minecraft:shield":1,"minecraft:iron_axe":1,"minecraft:stick":28,"minecraft:iron_pickaxe":2,"minecraft:iron_ingot":50,"minecraft:iron_helmet":1,"minecraft:iron_sword":1,"minecraft:iron_leggings":1,"minecraft:torch":84,"minecraft:air":0},"minecraft:mined":{"minecraft:deepslate_redstone_ore":4,"minecraft:tuff":38,"minecraft:raw_iron_block":1,"minecraft:deepslate_diamond_ore":2,"minecraft:iron_ore":1,"minecraft:andesite":1,"minecraft:grass":4,"minecraft:coal_ore":71,"minecraft:grass_block":1,"minecraft:oak_log":5,"minecraft:deepslate_iron_ore":7,"minecraft:gravel":3,"minecraft:dirt":1,"minecraft:copper_ore":2,"minecraft:tall_grass":7,"minecraft:deepslate_gold_ore":14,"minecraft:lapis_ore":16,"minecraft:cyan_bed":1,"minecraft:stone":294,"minecraft:deepslate":308,"minecraft:diorite":4,"minecraft:oak_leaves":1,"minecraft:wall_torch":1},"minecraft:used":{"minecraft:cyan_bed":2,"minecraft:bread":4,"minecraft:iron_pickaxe":769,"minecraft:torch":59,"minecraft:dirt":5,"minecraft:cobblestone":7,"minecraft:cobbled_deepslate":1},"minecraft:dropped":{"minecraft:dirt":147,"minecraft:shield":1,"minecraft:wheat_seeds":4,"minecraft:diorite":4,"minecraft:cobbled_deepslate":37,"minecraft:andesite":2,"minecraft:tuff":2,"minecraft:cobblestone":223,"minecraft:coal":1},"minecraft:picked_up":{"minecraft:raw_iron":8,"minecraft:andesite":2,"minecraft:torch":1,"minecraft:raw_iron_block":1,"minecraft:flint":3,"minecraft:tuff":38,"minecraft:oak_log":5,"minecraft:diorite":4,"minecraft:shield":1,"minecraft:cyan_bed":2,"minecraft:lapis_lazuli":104,"minecraft:dirt":153,"minecraft:raw_copper":7,"minecraft:diamond":2,"minecraft:wheat_seeds":4,"minecraft:cobbled_deepslate":304,"minecraft:raw_gold":14,"minecraft:iron_pickaxe":1,"minecraft:coal":72,"minecraft:cobblestone":358},"minecraft:broken":{"minecraft:iron_pickaxe":1},"minecraft:custom":{"minecraft:time_since_rest":43931,"minecraft:sprint_one_cm":81539,"minecraft:damage_taken":30,"minecraft:walk_one_cm":98696,"minecraft:drop":20,"minecraft:damage_dealt":60,"minecraft:interact_with_crafting_table":7,"minecraft:fly_one_cm":68131,"minecraft:open_chest":6,"minecraft:crouch_one_cm":1062,"minecraft:play_time":43931,"minecraft:sneak_time":739,"minecraft:jump":445,"minecraft:interact_with_blast_furnace":6,"minecraft:leave_game":2,"minecraft:time_since_death":43931,"minecraft:total_world_time":43931,"minecraft:interact_with_smoker":1,"minecraft:fall_one_cm":7619}},"DataVersion":3465}