{"stats":{"minecraft:picked_up":{"minecraft:crafting_table":1,"minecraft:iron_chestplate":2,"minecraft:andesite":2,"minecraft:flint":8,"minecraft:tuff":162,"minecraft:oak_log":5,"minecraft:shield":2,"minecraft:lapis_lazuli":234,"minecraft:dirt":164,"minecraft:raw_copper":14,"minecraft:iron_axe":1,"minecraft:iron_leggings":1,"minecraft:wheat_seeds":4,"minecraft:cobbled_deepslate":1335,"minecraft:raw_gold":30,"minecraft:iron_ingot":14,"minecraft:iron_pickaxe":2,"minecraft:iron_sword":1,"minecraft:iron_boots":1,"minecraft:egg":9,"minecraft:raw_iron":16,"minecraft:gravel":8,"minecraft:torch":5,"minecraft:raw_iron_block":2,"minecraft:spruce_sapling":4,"minecraft:diorite":4,"minecraft:spruce_log":21,"minecraft:cyan_bed":2,"minecraft:diamond":81,"minecraft:iron_helmet":1,"minecraft:bread":58,"minecraft:coal":99,"minecraft:cobblestone":614,"minecraft:diamond_pickaxe":2},"minecraft:broken":{"minecraft:iron_pickaxe":2},"minecraft:dropped":{"minecraft:iron_sword":1,"minecraft:wheat_seeds":4,"minecraft:lapis_lazuli":117,"minecraft:cobbled_deepslate":229,"minecraft:raw_copper":7,"minecraft:tuff":2,"minecraft:iron_helmet":1,"minecraft:cobblestone":351,"minecraft:iron_boots":1,"minecraft:coal":1,"minecraft:dirt":152,"minecraft:diamond_chestplate":1,"minecraft:shield":1,"minecraft:diorite":4,"minecraft:iron_chestplate":2,"minecraft:diamond_pickaxe":2,"minecraft:andesite":2,"minecraft:iron_leggings":1,"minecraft:iron_pickaxe":2,"minecraft:spruce_sapling":4},"minecraft:mined":{"minecraft:deepslate_redstone_ore":4,"minecraft:tuff":106,"minecraft:deepslate_diamond_ore":67,"minecraft:crafting_table":1,"minecraft:grass_block":6,"minecraft:tall_grass":7,"minecraft:copper_ore":2,"minecraft:spruce_leaves":1,"minecraft:lapis_ore":16,"minecraft:cyan_bed":1,"minecraft:deepslate_gold_ore":16,"minecraft:diorite":4,"minecraft:wall_torch":3,"minecraft:raw_iron_block":1,"minecraft:fire":2,"minecraft:iron_ore":1,"minecraft:cobbled_deepslate":4,"minecraft:spruce_log":28,"minecraft:andesite":1,"minecraft:deepslate_lapis_ore":2,"minecraft:grass":4,"minecraft:oak_log":5,"minecraft:coal_ore":71,"minecraft:deepslate_iron_ore":7,"minecraft:gravel":8,"minecraft:dirt":1,"minecraft:stone":296,"minecraft:oak_leaves":1,"minecraft:deepslate":758},"minecraft:custom":{"minecraft:mob_kills":3,"minecraft:interact_with_crafting_table":24,"minecraft:leave_game":7,"minecraft:time_since_death":54557,"minecraft:sleep_in_bed":3,"minecraft:climb_one_cm":4092,"minecraft:time_since_rest":3360,"minecraft:sprint_one_cm":212847,"minecraft:damage_taken":934,"minecraft:walk_one_cm":308051,"minecraft:damage_blocked_by_shield":10,"minecraft:drop":47,"minecraft:damage_dealt":561,"minecraft:swim_one_cm":1991,"minecraft:fly_one_cm":169955,"minecraft:open_chest":15,"minecraft:crouch_one_cm":3319,"minecraft:play_time":120300,"minecraft:deaths":1,"minecraft:sneak_time":2425,"minecraft:walk_under_water_one_cm":6504,"minecraft:jump":1174,"minecraft:interact_with_blast_furnace":11,"minecraft:walk_on_water_one_cm":5220,"minecraft:interact_with_smoker":1,"minecraft:total_world_time":120300,"minecraft:fall_one_cm":32505},"minecraft:used":{"minecraft:water_bucket":10,"minecraft:flint_and_steel":2,"minecraft:shield":1,"minecraft:iron_sword":4,"minecraft:diamond_axe":26,"minecraft:torch":133,"minecraft:dirt":5,"minecraft:crafting_table":3,"minecraft:raw_iron_block":1,"minecraft:milk_bucket":1,"minecraft:diamond_pickaxe":439,"minecraft:iron_axe":14,"minecraft:cyan_bed":2,"minecraft:bread":22,"minecraft:iron_pickaxe":929,"minecraft:diamond_sword":2,"minecraft:cobblestone":7,"minecraft:bucket":11,"minecraft:egg":3,"minecraft:cobbled_deepslate":31},"minecraft:crafted":{"minecraft:oak_planks":20,"minecraft:diamond_sword":1,"minecraft:diamond_axe":1,"minecraft:crafting_table":3,"minecraft:spruce_planks":84,"minecraft:iron_helmet":1,"minecraft:iron_sword":1,"minecraft:bucket":1,"minecraft:diamond_shovel":1,"minecraft:flint_and_steel":1,"minecraft:air":0,"minecraft:diamond_helmet":1,"minecraft:diamond_leggings":1,"minecraft:iron_boots":1,"minecraft:iron_chestplate":1,"minecraft:diamond_pickaxe":1,"minecraft:shield":1,"minecraft:iron_axe":1,"minecraft:stick":48,"minecraft:iron_ingot":58,"minecraft:iron_pickaxe":2,"minecraft:gold_ingot":16,"minecraft:diamond_boots":1,"minecraft:iron_leggings":1,"minecraft:torch":132,"minecraft:diamond_chestplate":2},"minecraft:killed":{"minecraft:goat":1,"minecraft:zombie":2}},"DataVersion":3465}