{"stats":{"minecraft:dropped":{"minecraft:wheat_seeds":1,"minecraft:dripstone_block":1,"minecraft:wheat":8,"minecraft:rotten_flesh":11,"minecraft:mutton":4,"minecraft:andesite":2,"minecraft:spider_eye":1,"minecraft:wooden_pickaxe":2,"minecraft:smooth_basalt":2},"minecraft:mined":{"minecraft:deepslate_redstone_ore":13,"minecraft:red_bed":3,"minecraft:deepslate_diamond_ore":2,"minecraft:amethyst_cluster":3,"minecraft:crafting_table":4,"minecraft:glow_lichen":2,"minecraft:calcite":2,"minecraft:poppy":3,"minecraft:tall_grass":1,"minecraft:cobblestone":8,"minecraft:lapis_ore":7,"minecraft:deepslate_gold_ore":17,"minecraft:sculk":2,"minecraft:diorite":2,"minecraft:wall_torch":1,"minecraft:amethyst_block":4,"minecraft:furnace":2,"minecraft:birch_log":8,"minecraft:iron_ore":100,"minecraft:andesite":5,"minecraft:birch_leaves":1,"minecraft:deepslate_lapis_ore":1,"minecraft:grass":4,"minecraft:coal_ore":46,"minecraft:gravel":1,"minecraft:dripstone_block":1,"minecraft:smooth_basalt":2,"minecraft:stone":112,"minecraft:deepslate":19},"minecraft:picked_up":{"minecraft:birch_log":8,"minecraft:crafting_table":4,"minecraft:andesite":2,"minecraft:leather":17,"minecraft:wooden_pickaxe":1,"minecraft:amethyst_block":4,"minecraft:lapis_lazuli":57,"minecraft:red_bed":3,"minecraft:string":2,"minecraft:bone":7,"minecraft:bow":1,"minecraft:wheat_seeds":1,"minecraft:cobbled_deepslate":21,"minecraft:raw_gold":17,"minecraft:beef":21,"minecraft:poppy":3,"minecraft:furnace":2,"minecraft:stick":2,"minecraft:raw_iron":136,"minecraft:smooth_basalt":2,"minecraft:birch_boat":3,"minecraft:red_wool":3,"minecraft:torch":2,"minecraft:dripstone_block":1,"minecraft:amethyst_shard":12,"minecraft:carrot":1,"minecraft:redstone":58,"minecraft:spider_eye":1,"minecraft:arrow":6,"minecraft:rotten_flesh":13,"minecraft:diamond":2,"minecraft:mutton":4,"minecraft:coal":84,"minecraft:cobblestone":118,"minecraft:ender_pearl":1},"minecraft:broken":{"minecraft:iron_pickaxe":1},"minecraft:killed":{"minecraft:witch":1,"minecraft:spider":2,"minecraft:horse":10,"minecraft:sheep":3,"minecraft:skeleton":7,"minecraft:zombie":13,"minecraft:cow":11,"minecraft:enderman":1},"minecraft:used":{"minecraft:water_bucket":19,"minecraft:stone_pickaxe":28,"minecraft:wooden_pickaxe":3,"minecraft:birch_boat":3,"minecraft:shield":12,"minecraft:iron_sword":132,"minecraft:iron_chestplate":1,"minecraft:torch":7,"minecraft:red_bed":3,"minecraft:crafting_table":4,"minecraft:iron_axe":13,"minecraft:iron_pickaxe":318,"minecraft:iron_boots":1,"minecraft:cobblestone":30,"minecraft:furnace":2,"minecraft:cooked_porkchop":18,"minecraft:bucket":20,"minecraft:iron_leggings":1,"minecraft:experience_bottle":1},"minecraft:crafted":{"minecraft:red_dye":3,"minecraft:crafting_table":1,"minecraft:birch_boat":1,"minecraft:wooden_pickaxe":1,"minecraft:red_bed":1,"minecraft:furnace":2,"minecraft:bucket":1,"minecraft:birch_planks":32,"minecraft:air":0,"minecraft:stick":8,"minecraft:iron_ingot":28,"minecraft:iron_pickaxe":1,"minecraft:stone_pickaxe":1,"minecraft:torch":16},"minecraft:custom":{"minecraft:interact_with_furnace":6,"minecraft:mob_kills":48,"minecraft:interact_with_crafting_table":11,"minecraft:leave_game":4,"minecraft:time_since_death":57624,"minecraft:sleep_in_bed":3,"minecraft:time_since_rest":7048,"minecraft:sprint_one_cm":159517,"minecraft:damage_taken":1053,"minecraft:walk_one_cm":102723,"minecraft:damage_blocked_by_shield":620,"minecraft:drop":11,"minecraft:damage_dealt":8386,"minecraft:swim_one_cm":30702,"minecraft:fly_one_cm":235156,"minecraft:open_chest":1,"minecraft:crouch_one_cm":12997,"minecraft:play_time":57624,"minecraft:sneak_time":5360,"minecraft:walk_under_water_one_cm":11393,"minecraft:boat_one_cm":16487,"minecraft:jump":1704,"minecraft:walk_on_water_one_cm":16221,"minecraft:total_world_time":57624,"minecraft:fall_one_cm":55321}},"DataVersion":3465}