{"stats":{"minecraft:dropped":{"minecraft:wheat_seeds":1,"minecraft:dripstone_block":1,"minecraft:wheat":8,"minecraft:cobblestone":12,"minecraft:rotten_flesh":11,"minecraft:mutton":4,"minecraft:andesite":2,"minecraft:spider_eye":1,"minecraft:wooden_pickaxe":2,"minecraft:smooth_basalt":2},"minecraft:custom":{"minecraft:interact_with_furnace":11,"minecraft:mob_kills":57,"minecraft:interact_with_crafting_table":18,"minecraft:leave_game":5,"minecraft:time_since_death":119661,"minecraft:sleep_in_bed":5,"minecraft:time_since_rest":8000,"minecraft:sprint_one_cm":224066,"minecraft:damage_taken":1585,"minecraft:walk_one_cm":240915,"minecraft:damage_blocked_by_shield":1570,"minecraft:drop":12,"minecraft:damage_dealt":10270,"minecraft:swim_one_cm":53267,"minecraft:fly_one_cm":310843,"minecraft:open_chest":19,"minecraft:crouch_one_cm":63429,"minecraft:play_time":119661,"minecraft:sneak_time":17740,"minecraft:walk_under_water_one_cm":36520,"minecraft:boat_one_cm":49982,"minecraft:jump":2458,"minecraft:walk_on_water_one_cm":32561,"minecraft:total_world_time":119661,"minecraft:fall_one_cm":72148},"minecraft:killed":{"minecraft:witch":1,"minecraft:spider":3,"minecraft:horse":10,"minecraft:sheep":3,"minecraft:skeleton":8,"minecraft:zombie":15,"minecraft:drowned":5,"minecraft:cow":11,"minecraft:enderman":1},"minecraft:picked_up":{"minecraft:birch_log":8,"minecraft:crafting_table":5,"minecraft:andesite":2,"minecraft:leather":17,"minecraft:wooden_pickaxe":1,"minecraft:oak_log":69,"minecraft:dirt":5,"minecraft:amethyst_block":4,"minecraft:lapis_lazuli":57,"minecraft:red_bed":3,"minecraft:string":2,"minecraft:bone":8,"minecraft:bow":1,"minecraft:wheat_seeds":1,"minecraft:cobbled_deepslate":30,"minecraft:raw_gold":17,"minecraft:beef":21,"minecraft:poppy":3,"minecraft:oak_planks":14,"minecraft:furnace":2,"minecraft:stick":10,"minecraft:raw_iron":139,"minecraft:smooth_basalt":2,"minecraft:birch_boat":8,"minecraft:torch":3,"minecraft:red_wool":3,"minecraft:dripstone_block":1,"minecraft:amethyst_shard":12,"minecraft:carrot":1,"minecraft:redstone":62,"minecraft:spider_eye":1,"minecraft:arrow":7,"minecraft:rotten_flesh":22,"minecraft:diamond":3,"minecraft:oak_sapling":8,"minecraft:mutton":4,"minecraft:coal":85,"minecraft:cobblestone":583,"minecraft:ender_pearl":1},"minecraft:mined":{"minecraft:deepslate_redstone_ore":15,"minecraft:red_bed":3,"minecraft:deepslate_diamond_ore":3,"minecraft:amethyst_cluster":3,"minecraft:crafting_table":5,"minecraft:glow_lichen":2,"minecraft:granite":14,"minecraft:grass_block":1,"minecraft:calcite":2,"minecraft:poppy":3,"minecraft:tall_grass":1,"minecraft:cobblestone":101,"minecraft:lapis_ore":7,"minecraft:deepslate_gold_ore":17,"minecraft:oak_planks":14,"minecraft:sculk":4,"minecraft:diorite":2,"minecraft:wall_torch":1,"minecraft:amethyst_block":4,"minecraft:furnace":2,"minecraft:birch_log":8,"minecraft:iron_ore":100,"minecraft:andesite":5,"minecraft:birch_leaves":1,"minecraft:deepslate_lapis_ore":1,"minecraft:grass":4,"minecraft:oak_log":69,"minecraft:coal_ore":47,"minecraft:deepslate_iron_ore":3,"minecraft:dirt":7,"minecraft:gravel":1,"minecraft:dripstone_block":1,"minecraft:smooth_basalt":2,"minecraft:stone":615,"minecraft:oak_leaves":11,"minecraft:deepslate":28},"minecraft:crafted":{"minecraft:red_dye":3,"minecraft:oak_door":3,"minecraft:oak_planks":276,"minecraft:crafting_table":1,"minecraft:iron_helmet":1,"minecraft:birch_boat":1,"minecraft:wooden_pickaxe":1,"minecraft:red_bed":1,"minecraft:furnace":2,"minecraft:bucket":1,"minecraft:birch_planks":32,"minecraft:air":0,"minecraft:diamond_pickaxe":1,"minecraft:stick":12,"minecraft:iron_ingot":103,"minecraft:iron_pickaxe":3,"minecraft:stone_pickaxe":1,"minecraft:chest":4,"minecraft:dark_oak_planks":36,"minecraft:torch":16},"minecraft:broken":{"minecraft:iron_pickaxe":2},"minecraft:used":{"minecraft:water_bucket":20,"minecraft:stone_pickaxe":28,"minecraft:oak_planks":284,"minecraft:chest":4,"minecraft:wooden_pickaxe":3,"minecraft:birch_boat":8,"minecraft:shield":25,"minecraft:iron_sword":171,"minecraft:oak_door":1,"minecraft:iron_chestplate":1,"minecraft:torch":10,"minecraft:red_bed":4,"minecraft:crafting_table":6,"minecraft:diamond_pickaxe":228,"minecraft:iron_axe":108,"minecraft:iron_pickaxe":717,"minecraft:iron_helmet":1,"minecraft:iron_boots":1,"minecraft:cobblestone":505,"minecraft:oak_sapling":7,"minecraft:furnace":4,"minecraft:cooked_porkchop":25,"minecraft:bucket":21,"minecraft:iron_leggings":1,"minecraft:experience_bottle":1}},"DataVersion":3465}