{"stats":{"minecraft:crafted":{"minecraft:red_dye":3,"minecraft:oak_door":3,"minecraft:oak_planks":64,"minecraft:crafting_table":1,"minecraft:birch_boat":1,"minecraft:wooden_pickaxe":1,"minecraft:red_bed":1,"minecraft:furnace":2,"minecraft:bucket":1,"minecraft:birch_planks":32,"minecraft:air":0,"minecraft:diamond_pickaxe":1,"minecraft:stick":16,"minecraft:iron_ingot":28,"minecraft:iron_pickaxe":1,"minecraft:stone_pickaxe":1,"minecraft:chest":2,"minecraft:torch":16},"minecraft:mined":{"minecraft:deepslate_redstone_ore":13,"minecraft:red_bed":4,"minecraft:deepslate_diamond_ore":5,"minecraft:amethyst_cluster":3,"minecraft:torch":2,"minecraft:crafting_table":4,"minecraft:glow_lichen":2,"minecraft:grass_block":1,"minecraft:calcite":2,"minecraft:poppy":3,"minecraft:tall_grass":1,"minecraft:cobblestone":32,"minecraft:lapis_ore":7,"minecraft:deepslate_gold_ore":17,"minecraft:oak_planks":4,"minecraft:sculk":5,"minecraft:diorite":7,"minecraft:wall_torch":1,"minecraft:amethyst_block":4,"minecraft:furnace":2,"minecraft:birch_log":8,"minecraft:iron_ore":100,"minecraft:andesite":5,"minecraft:birch_leaves":1,"minecraft:deepslate_lapis_ore":1,"minecraft:grass":4,"minecraft:oak_log":16,"minecraft:coal_ore":46,"minecraft:deepslate_iron_ore":2,"minecraft:dirt":6,"minecraft:gravel":2,"minecraft:dripstone_block":1,"minecraft:smooth_basalt":2,"minecraft:stone":198,"minecraft:oak_leaves":1,"minecraft:deepslate":123},"minecraft:killed":{"minecraft:witch":1,"minecraft:spider":2,"minecraft:horse":10,"minecraft:sheep":3,"minecraft:skeleton":9,"minecraft:zombie":17,"minecraft:cow":11,"minecraft:enderman":1},"minecraft:dropped":{"minecraft:wheat_seeds":1,"minecraft:dripstone_block":1,"minecraft:wheat":8,"minecraft:rotten_flesh":11,"minecraft:amethyst_block":4,"minecraft:dirt":4,"minecraft:mutton":4,"minecraft:andesite":2,"minecraft:spider_eye":1,"minecraft:wooden_pickaxe":2,"minecraft:smooth_basalt":2},"minecraft:used":{"minecraft:water_bucket":19,"minecraft:birch_planks":9,"minecraft:stone_pickaxe":61,"minecraft:oak_planks":30,"minecraft:chest":2,"minecraft:wooden_pickaxe":3,"minecraft:birch_boat":5,"minecraft:shield":31,"minecraft:iron_sword":157,"minecraft:oak_door":1,"minecraft:iron_chestplate":1,"minecraft:torch":10,"minecraft:red_bed":4,"minecraft:crafting_table":5,"minecraft:diamond_pickaxe":14,"minecraft:iron_axe":34,"minecraft:iron_pickaxe":500,"minecraft:iron_boots":1,"minecraft:cobblestone":145,"minecraft:furnace":2,"minecraft:cooked_porkchop":22,"minecraft:bucket":20,"minecraft:cobbled_deepslate":10,"minecraft:iron_leggings":1,"minecraft:experience_bottle":1},"minecraft:picked_up":{"minecraft:birch_log":8,"minecraft:crafting_table":4,"minecraft:andesite":2,"minecraft:leather":17,"minecraft:wooden_pickaxe":1,"minecraft:oak_log":16,"minecraft:dirt":4,"minecraft:amethyst_block":4,"minecraft:lapis_lazuli":57,"minecraft:red_bed":4,"minecraft:string":4,"minecraft:bone":8,"minecraft:bow":1,"minecraft:wheat_seeds":1,"minecraft:cobbled_deepslate":93,"minecraft:raw_gold":17,"minecraft:beef":21,"minecraft:poppy":3,"minecraft:oak_planks":4,"minecraft:furnace":2,"minecraft:stick":2,"minecraft:raw_iron":138,"minecraft:smooth_basalt":2,"minecraft:birch_boat":4,"minecraft:torch":4,"minecraft:red_wool":3,"minecraft:dripstone_block":1,"minecraft:amethyst_shard":12,"minecraft:carrot":1,"minecraft:redstone":58,"minecraft:spider_eye":1,"minecraft:arrow":11,"minecraft:rotten_flesh":17,"minecraft:diamond":5,"minecraft:oak_sapling":1,"minecraft:mutton":4,"minecraft:coal":84,"minecraft:cobblestone":228,"minecraft:ender_pearl":1},"minecraft:broken":{"minecraft:iron_pickaxe":2},"minecraft:custom":{"minecraft:interact_with_furnace":6,"minecraft:mob_kills":54,"minecraft:interact_with_crafting_table":16,"minecraft:leave_game":5,"minecraft:time_since_death":79886,"minecraft:sleep_in_bed":4,"minecraft:time_since_rest":9119,"minecraft:sprint_one_cm":201417,"minecraft:damage_taken":1424,"minecraft:walk_one_cm":139852,"minecraft:damage_blocked_by_shield":1210,"minecraft:drop":13,"minecraft:damage_dealt":9448,"minecraft:swim_one_cm":40957,"minecraft:fly_one_cm":279458,"minecraft:open_chest":6,"minecraft:crouch_one_cm":20635,"minecraft:play_time":79886,"minecraft:sneak_time":7565,"minecraft:walk_under_water_one_cm":18382,"minecraft:boat_one_cm":32309,"minecraft:jump":2129,"minecraft:walk_on_water_one_cm":21286,"minecraft:total_world_time":79886,"minecraft:fall_one_cm":63514}},"DataVersion":3465}