{"stats":{"minecraft:picked_up":{"minecraft:crafting_table":3,"minecraft:iron_chestplate":3,"minecraft:azure_bluet":3,"minecraft:stone_brick_stairs":1,"minecraft:shield":3,"minecraft:cornflower":4,"minecraft:string":3,"minecraft:raw_copper":7,"minecraft:iron_axe":6,"minecraft:flint_and_steel":2,"minecraft:iron_leggings":2,"minecraft:iron_shovel":5,"minecraft:spruce_planks":1,"minecraft:red_dye":3,"minecraft:oak_boat":2,"minecraft:poppy":3,"minecraft:iron_pickaxe":8,"minecraft:chest":5,"minecraft:phantom_membrane":2,"minecraft:iron_boots":2,"minecraft:egg":1,"minecraft:raw_iron":321,"minecraft:stick":66,"minecraft:torch":291,"minecraft:spruce_fence":2,"minecraft:porkchop":57,"minecraft:diamond_chestplate":1,"minecraft:arrow":14,"minecraft:rotten_flesh":50,"minecraft:stone_shovel":1,"minecraft:blue_dye":4,"minecraft:cobblestone":2,"minecraft:oxeye_daisy":3,"minecraft:cooked_beef":8,"minecraft:water_bucket":1,"minecraft:andesite":2,"minecraft:yellow_dye":17,"minecraft:potato":28,"minecraft:smoker":3,"minecraft:birch_planks":129,"minecraft:light_gray_dye":5,"minecraft:oak_log":206,"minecraft:gunpowder":9,"minecraft:lapis_lazuli":117,"minecraft:dirt":1088,"minecraft:bone":17,"minecraft:apple":37,"minecraft:kelp":10,"minecraft:wheat_seeds":163,"minecraft:iron_ingot":267,"minecraft:oak_planks":30,"minecraft:iron_sword":3,"minecraft:scaffolding":4,"minecraft:cooked_porkchop":3,"minecraft:dandelion":24,"minecraft:raw_iron_block":1,"minecraft:blast_furnace":4,"minecraft:white_bed":2,"minecraft:cyan_bed":1,"minecraft:barrel":1,"minecraft:spider_eye":1,"minecraft:diamond":2,"minecraft:iron_helmet":2,"minecraft:golden_apple":2,"minecraft:bread":315,"minecraft:emerald":22,"minecraft:oak_sapling":85,"minecraft:coal":280,"minecraft:diamond_pickaxe":1},"minecraft:dropped":{"minecraft:cobblestone":2,"minecraft:oxeye_daisy":1,"minecraft:dirt":1,"minecraft:torch":29,"minecraft:iron_axe":2,"minecraft:iron_pickaxe":1,"minecraft:dandelion":7,"minecraft:stone_axe":2,"minecraft:stone_shovel":1,"minecraft:oak_planks":1,"minecraft:spruce_fence":2,"minecraft:flint_and_steel":1,"minecraft:spruce_planks":1,"minecraft:diamond_pickaxe":1,"minecraft:stone_pickaxe":1,"minecraft:stone_brick_stairs":1,"minecraft:cyan_bed":1},"minecraft:broken":{"minecraft:iron_shovel":3,"minecraft:iron_axe":2},"minecraft:mined":{"minecraft:white_bed":2,"minecraft:grass_block":696,"minecraft:raw_iron_block":1,"minecraft:barrel":1,"minecraft:iron_ore":1,"minecraft:stone":3,"minecraft:scaffolding":2,"minecraft:smoker":2,"minecraft:powder_snow":2,"minecraft:crafting_table":3,"minecraft:torch":6,"minecraft:blast_furnace":2,"minecraft:emerald_ore":4,"minecraft:chest":5,"minecraft:tall_grass":6,"minecraft:cyan_bed":1,"minecraft:wall_torch":6,"minecraft:birch_planks":1,"minecraft:bee_nest":1,"minecraft:grass":71,"minecraft:coal_ore":22,"minecraft:oak_log":204,"minecraft:gravel":2,"minecraft:dirt":131,"minecraft:oak_leaves":33},"minecraft:used":{"minecraft:iron_shovel":798,"minecraft:flint_and_steel":6,"minecraft:stone_shovel":146,"minecraft:spruce_slab":3,"minecraft:oak_sign":4,"minecraft:spruce_planks":513,"minecraft:chest":53,"minecraft:shield":4,"minecraft:iron_sword":16,"minecraft:wooden_shovel":21,"minecraft:torch":26,"minecraft:dirt":601,"minecraft:soul_sand":10,"minecraft:spruce_stairs":285,"minecraft:cobblestone_wall":24,"minecraft:spruce_fence":56,"minecraft:obsidian":20,"minecraft:glass":50,"minecraft:stone_brick_slab":27,"minecraft:lava_bucket":44,"minecraft:grass_block":25,"minecraft:lantern":30,"minecraft:iron_axe":380,"minecraft:spruce_button":16,"minecraft:chicken_spawn_egg":8,"minecraft:dark_oak_leaves":48,"minecraft:iron_boots":1,"minecraft:barrel":3,"minecraft:stone_brick_stairs":95,"minecraft:stone_bricks":258,"minecraft:diamond_chestplate":1,"minecraft:scaffolding":20,"minecraft:soul_soil":3,"minecraft:egg":1,"minecraft:cooked_beef":2,"minecraft:iron_leggings":1,"minecraft:water_bucket":126,"minecraft:cow_spawn_egg":9,"minecraft:birch_planks":189,"minecraft:stripped_birch_log":36,"minecraft:glass_bottle":1,"minecraft:oak_planks":6,"minecraft:sheep_spawn_egg":5,"minecraft:spruce_fence_gate":67,"minecraft:tnt":4,"minecraft:crafting_table":4,"minecraft:blast_furnace":4,"minecraft:white_bed":3,"minecraft:campfire":186,"minecraft:infested_stone_bricks":176,"minecraft:smoker":2,"minecraft:oak_log":499,"minecraft:crying_obsidian":1,"minecraft:cyan_bed":1,"minecraft:bread":78,"minecraft:pig_spawn_egg":9,"minecraft:iron_pickaxe":40,"minecraft:spruce_trapdoor":142,"minecraft:fire_charge":1,"minecraft:cobblestone":156,"minecraft:potion":1,"minecraft:cooked_porkchop":3,"minecraft:bucket":163,"minecraft:glass_pane":38,"minecraft:kelp":29,"minecraft:birch_stairs":58},"minecraft:custom":{"minecraft:mob_kills":75,"minecraft:interact_with_crafting_table":21,"minecraft:open_barrel":2,"minecraft:bell_ring":1,"minecraft:leave_game":19,"minecraft:time_since_death":317154,"minecraft:climb_one_cm":9057,"minecraft:sprint_one_cm":1026959,"minecraft:walk_one_cm":387255,"minecraft:damage_blocked_by_shield":150,"minecraft:drop":20,"minecraft:talked_to_villager":3,"minecraft:play_time":476591,"minecraft:deaths":3,"minecraft:sneak_time":22127,"minecraft:walk_under_water_one_cm":34499,"minecraft:jump":6738,"minecraft:interact_with_blast_furnace":21,"minecraft:walk_on_water_one_cm":54156,"minecraft:total_world_time":476591,"minecraft:sleep_in_bed":3,"minecraft:time_since_rest":267690,"minecraft:damage_taken":6201,"minecraft:damage_dealt":13071,"minecraft:swim_one_cm":108462,"minecraft:fly_one_cm":1150547,"minecraft:open_chest":159,"minecraft:crouch_one_cm":6069,"minecraft:interact_with_smoker":8,"minecraft:fall_one_cm":166004},"minecraft:crafted":{"minecraft:oak_planks":408,"minecraft:raw_iron":9,"minecraft:barrel":6,"minecraft:iron_axe":2,"minecraft:chest":48,"minecraft:red_dye":3,"minecraft:oak_slab":12,"minecraft:crafting_table":3,"minecraft:bucket":1,"minecraft:blue_dye":4,"minecraft:yellow_dye":17,"minecraft:stick":4,"minecraft:iron_ingot":64,"minecraft:iron_pickaxe":4,"minecraft:iron_shovel":4,"minecraft:light_gray_dye":5,"minecraft:white_bed":1},"minecraft:killed":{"minecraft:spider":4,"minecraft:phantom":4,"minecraft:skeleton":12,"minecraft:bee":1,"minecraft:skeleton_horse":2,"minecraft:pig":12,"minecraft:creeper":4,"minecraft:zombie":35}},"DataVersion":3465}