{"stats":{"minecraft:dropped":{"minecraft:torch":29},"minecraft:custom":{"minecraft:jump":17,"minecraft:open_chest":2,"minecraft:time_since_rest":22569,"minecraft:leave_game":3,"minecraft:play_time":22569,"minecraft:sprint_one_cm":5653,"minecraft:time_since_death":22569,"minecraft:walk_one_cm":1768,"minecraft:total_world_time":22569,"minecraft:interact_with_smoker":1,"minecraft:fall_one_cm":627,"minecraft:interact_with_crafting_table":1,"minecraft:drop":1,"minecraft:fly_one_cm":180213},"minecraft:picked_up":{"minecraft:andesite":2,"minecraft:gunpowder":1,"minecraft:torch":29}},"DataVersion":3465}