{"stats":{"minecraft:killed":{"minecraft:pig":10,"minecraft:spider":2,"minecraft:creeper":3,"minecraft:skeleton":7,"minecraft:zombie":29,"minecraft:bee":1},"minecraft:crafted":{"minecraft:red_dye":3,"minecraft:crafting_table":1,"minecraft:bucket":1,"minecraft:blue_dye":4,"minecraft:yellow_dye":17,"minecraft:iron_axe":2,"minecraft:iron_ingot":64,"minecraft:iron_pickaxe":4,"minecraft:chest":1,"minecraft:iron_shovel":4,"minecraft:light_gray_dye":5,"minecraft:white_bed":1},"minecraft:dropped":{"minecraft:stone_axe":2,"minecraft:cobblestone":2,"minecraft:spruce_fence":2,"minecraft:flint_and_steel":1,"minecraft:oxeye_daisy":1,"minecraft:dirt":1,"minecraft:torch":29,"minecraft:spruce_planks":1,"minecraft:iron_axe":2,"minecraft:stone_pickaxe":1,"minecraft:dandelion":7},"minecraft:picked_up":{"minecraft:iron_chestplate":2,"minecraft:crafting_table":1,"minecraft:azure_bluet":3,"minecraft:cooked_beef":8,"minecraft:water_bucket":1,"minecraft:andesite":2,"minecraft:smoker":2,"minecraft:potato":14,"minecraft:birch_planks":128,"minecraft:oak_log":112,"minecraft:shield":3,"minecraft:gunpowder":5,"minecraft:cornflower":4,"minecraft:string":2,"minecraft:dirt":838,"minecraft:iron_axe":6,"minecraft:flint_and_steel":1,"minecraft:iron_leggings":2,"minecraft:iron_shovel":5,"minecraft:bone":6,"minecraft:apple":16,"minecraft:wheat_seeds":106,"minecraft:spruce_planks":1,"minecraft:iron_ingot":189,"minecraft:oak_boat":2,"minecraft:poppy":3,"minecraft:iron_pickaxe":8,"minecraft:iron_sword":2,"minecraft:oak_planks":30,"minecraft:iron_boots":2,"minecraft:egg":1,"minecraft:stick":44,"minecraft:raw_iron":257,"minecraft:cooked_porkchop":3,"minecraft:torch":291,"minecraft:dandelion":24,"minecraft:spruce_fence":2,"minecraft:porkchop":39,"minecraft:blast_furnace":2,"minecraft:arrow":8,"minecraft:rotten_flesh":26,"minecraft:diamond":1,"minecraft:iron_helmet":2,"minecraft:golden_apple":1,"minecraft:emerald":13,"minecraft:bread":251,"minecraft:oak_sapling":31,"minecraft:coal":166,"minecraft:cobblestone":2,"minecraft:oxeye_daisy":3},"minecraft:mined":{"minecraft:smoker":1,"minecraft:powder_snow":2,"minecraft:crafting_table":1,"minecraft:torch":6,"minecraft:emerald_ore":4,"minecraft:grass_block":690,"minecraft:tall_grass":5,"minecraft:wall_torch":6,"minecraft:iron_ore":1,"minecraft:bee_nest":1,"minecraft:grass":69,"minecraft:oak_log":110,"minecraft:coal_ore":22,"minecraft:gravel":2,"minecraft:dirt":130,"minecraft:stone":3,"minecraft:oak_leaves":17},"minecraft:broken":{"minecraft:iron_shovel":3},"minecraft:custom":{"minecraft:mob_kills":53,"minecraft:interact_with_crafting_table":12,"minecraft:bell_ring":1,"minecraft:leave_game":11,"minecraft:time_since_death":132208,"minecraft:sleep_in_bed":3,"minecraft:climb_one_cm":374,"minecraft:time_since_rest":82744,"minecraft:sprint_one_cm":643401,"minecraft:damage_taken":5559,"minecraft:walk_one_cm":219472,"minecraft:damage_blocked_by_shield":150,"minecraft:drop":14,"minecraft:damage_dealt":9456,"minecraft:swim_one_cm":81060,"minecraft:talked_to_villager":2,"minecraft:fly_one_cm":912924,"minecraft:open_chest":31,"minecraft:crouch_one_cm":2714,"minecraft:play_time":291645,"minecraft:deaths":3,"minecraft:sneak_time":19272,"minecraft:walk_under_water_one_cm":10807,"minecraft:jump":5714,"minecraft:interact_with_blast_furnace":20,"minecraft:walk_on_water_one_cm":19837,"minecraft:total_world_time":291645,"minecraft:interact_with_smoker":8,"minecraft:fall_one_cm":144316},"minecraft:used":{"minecraft:water_bucket":52,"minecraft:iron_shovel":798,"minecraft:glass_bottle":1,"minecraft:oak_planks":6,"minecraft:chest":1,"minecraft:spruce_planks":105,"minecraft:shield":4,"minecraft:iron_sword":16,"minecraft:spruce_fence_gate":21,"minecraft:wooden_shovel":21,"minecraft:torch":26,"minecraft:dirt":577,"minecraft:crafting_table":2,"minecraft:blast_furnace":2,"minecraft:cobblestone_wall":6,"minecraft:spruce_stairs":24,"minecraft:white_bed":1,"minecraft:campfire":26,"minecraft:infested_stone_bricks":176,"minecraft:spruce_fence":12,"minecraft:smoker":1,"minecraft:glass":33,"minecraft:oak_log":230,"minecraft:lava_bucket":44,"minecraft:iron_pickaxe":35,"minecraft:iron_axe":229,"minecraft:bread":57,"minecraft:grass_block":25,"minecraft:spruce_trapdoor":6,"minecraft:iron_boots":1,"minecraft:stone_bricks":256,"minecraft:cobblestone":156,"minecraft:potion":1,"minecraft:cooked_porkchop":3,"minecraft:bucket":53,"minecraft:glass_pane":1,"minecraft:egg":1,"minecraft:cooked_beef":2,"minecraft:iron_leggings":1}},"DataVersion":3465}