{"stats":{"minecraft:dropped":{"minecraft:glow_ink_sac":3,"minecraft:cobblestone":2,"minecraft:granite":1,"minecraft:coal":40,"minecraft:oxeye_daisy":1,"minecraft:dirt":129,"minecraft:torch":29,"minecraft:iron_axe":8,"minecraft:white_wool":1,"minecraft:dandelion":7,"minecraft:stone_axe":2,"minecraft:oak_planks":4,"minecraft:spruce_fence":2,"minecraft:flint_and_steel":1,"minecraft:spruce_planks":1,"minecraft:chest":1,"minecraft:stone_pickaxe":1},"minecraft:custom":{"minecraft:mob_kills":109,"minecraft:animals_bred":14,"minecraft:interact_with_crafting_table":25,"minecraft:bell_ring":1,"minecraft:leave_game":16,"minecraft:time_since_death":124536,"minecraft:climb_one_cm":37280,"minecraft:sprint_one_cm":1397229,"minecraft:walk_one_cm":488288,"minecraft:damage_blocked_by_shield":870,"minecraft:drop":31,"minecraft:talked_to_villager":2,"minecraft:play_time":663176,"minecraft:deaths":6,"minecraft:sneak_time":24288,"minecraft:walk_under_water_one_cm":23771,"minecraft:jump":8403,"minecraft:interact_with_blast_furnace":20,"minecraft:walk_on_water_one_cm":40016,"minecraft:total_world_time":663176,"minecraft:pot_flower":4,"minecraft:sleep_in_bed":7,"minecraft:time_since_rest":35712,"minecraft:damage_taken":8582,"minecraft:damage_dealt":19216,"minecraft:swim_one_cm":103178,"minecraft:fly_one_cm":1706272,"minecraft:open_chest":108,"minecraft:crouch_one_cm":6791,"minecraft:interact_with_smoker":8,"minecraft:fall_one_cm":216346},"minecraft:killed":{"minecraft:cave_spider":2,"minecraft:zombified_piglin":1,"minecraft:spider":10,"minecraft:skeleton":22,"minecraft:bee":1,"minecraft:pig":10,"minecraft:creeper":6,"minecraft:sheep":1,"minecraft:zombie":52},"minecraft:picked_up":{"minecraft:crafting_table":2,"minecraft:iron_chestplate":5,"minecraft:wheat":58,"minecraft:azure_bluet":3,"minecraft:lead":39,"minecraft:shield":6,"minecraft:cornflower":4,"minecraft:string":158,"minecraft:iron_axe":15,"minecraft:flint_and_steel":3,"minecraft:iron_leggings":5,"minecraft:iron_shovel":8,"minecraft:spruce_planks":38,"minecraft:red_dye":6,"minecraft:oak_boat":5,"minecraft:poppy":3,"minecraft:iron_pickaxe":20,"minecraft:chest":15,"minecraft:egg":1,"minecraft:iron_boots":5,"minecraft:stick":229,"minecraft:raw_iron":525,"minecraft:torch":840,"minecraft:spruce_stairs":3,"minecraft:spruce_fence":2,"minecraft:porkchop":45,"minecraft:carrot":2,"minecraft:arrow":83,"minecraft:rotten_flesh":93,"minecraft:beetroot_seeds":1,"minecraft:hay_block":28,"minecraft:blue_dye":8,"minecraft:mutton":1,"minecraft:cobblestone":62,"minecraft:white_wool":1,"minecraft:oxeye_daisy":3,"minecraft:cooked_beef":11,"minecraft:glow_ink_sac":6,"minecraft:water_bucket":4,"minecraft:andesite":5,"minecraft:yellow_dye":34,"minecraft:smoker":3,"minecraft:potato":14,"minecraft:birch_planks":192,"minecraft:light_gray_dye":10,"minecraft:oak_log":234,"minecraft:gunpowder":13,"minecraft:dirt":1230,"minecraft:bone":36,"minecraft:apple":48,"minecraft:wheat_seeds":112,"minecraft:iron_ingot":371,"minecraft:oak_planks":32,"minecraft:iron_sword":5,"minecraft:scaffolding":7,"minecraft:cooked_porkchop":3,"minecraft:dandelion":24,"minecraft:spruce_sapling":5,"minecraft:blast_furnace":4,"minecraft:spruce_log":58,"minecraft:white_bed":2,"minecraft:spider_eye":3,"minecraft:diamond":5,"minecraft:iron_helmet":5,"minecraft:granite":1,"minecraft:golden_apple":3,"minecraft:emerald":22,"minecraft:bread":516,"minecraft:oak_sapling":31,"minecraft:coal":609},"minecraft:mined":{"minecraft:spruce_planks":1,"minecraft:white_bed":1,"minecraft:deepslate_diamond_ore":1,"minecraft:grass_block":696,"minecraft:spruce_leaves":27,"minecraft:spawner":2,"minecraft:hay_block":14,"minecraft:carrots":1,"minecraft:iron_ore":29,"minecraft:fire":9,"minecraft:stone":14,"minecraft:smoker":2,"minecraft:powder_snow":2,"minecraft:crafting_table":2,"minecraft:torch":24,"minecraft:blast_furnace":2,"minecraft:emerald_ore":4,"minecraft:chest":13,"minecraft:tall_grass":6,"minecraft:wall_torch":9,"minecraft:spruce_stairs":3,"minecraft:spruce_log":58,"minecraft:bee_nest":1,"minecraft:grass":73,"minecraft:oak_log":110,"minecraft:coal_ore":116,"minecraft:beetroots":1,"minecraft:gravel":2,"minecraft:dirt":133,"minecraft:cobweb":38,"minecraft:oak_leaves":17},"minecraft:crafted":{"minecraft:oak_planks":284,"minecraft:spruce_stairs":8,"minecraft:iron_axe":3,"minecraft:spruce_slab":24,"minecraft:chest":39,"minecraft:wheat":126,"minecraft:red_dye":3,"minecraft:crafting_table":1,"minecraft:spruce_planks":72,"minecraft:bucket":1,"minecraft:blue_dye":4,"minecraft:spruce_trapdoor":16,"minecraft:white_wool":3,"minecraft:yellow_dye":17,"minecraft:stick":76,"minecraft:iron_ingot":64,"minecraft:iron_pickaxe":4,"minecraft:iron_shovel":4,"minecraft:light_gray_dye":5,"minecraft:white_bed":2,"minecraft:torch":132},"minecraft:broken":{"minecraft:iron_shovel":3,"minecraft:iron_axe":2,"minecraft:iron_helmet":1},"minecraft:killed_by":{"minecraft:zombified_piglin":1,"minecraft:cave_spider":1},"minecraft:used":{"minecraft:jungle_leaves":1,"minecraft:iron_shovel":847,"minecraft:flint_and_steel":9,"minecraft:spruce_slab":2,"minecraft:stone_shovel":35,"minecraft:chest":52,"minecraft:spruce_planks":549,"minecraft:shield":16,"minecraft:iron_sword":111,"minecraft:wooden_shovel":66,"minecraft:spruce_leaves":1,"minecraft:torch":121,"minecraft:dirt":587,"minecraft:spruce_stairs":268,"minecraft:cobblestone_wall":20,"minecraft:spruce_fence":95,"minecraft:obsidian":19,"minecraft:glass":33,"minecraft:stone_brick_slab":27,"minecraft:lava_bucket":44,"minecraft:spruce_button":16,"minecraft:lantern":28,"minecraft:grass_block":26,"minecraft:iron_axe":422,"minecraft:dark_oak_leaves":5,"minecraft:iron_boots":1,"minecraft:stone_brick_stairs":101,"minecraft:stone_bricks":259,"minecraft:scaffolding":33,"minecraft:beetroot_seeds":1,"minecraft:egg":1,"minecraft:cooked_beef":5,"minecraft:iron_leggings":1,"minecraft:water_bucket":86,"minecraft:birch_leaves":47,"minecraft:birch_planks":163,"minecraft:stripped_birch_log":43,"minecraft:glass_bottle":1,"minecraft:oak_planks":6,"minecraft:spruce_fence_gate":38,"minecraft:oak_leaves":6,"minecraft:jungle_wood":10,"minecraft:crafting_table":3,"minecraft:blast_furnace":4,"minecraft:acacia_leaves":1,"minecraft:white_bed":4,"minecraft:campfire":175,"minecraft:infested_stone_bricks":176,"minecraft:smoker":2,"minecraft:oak_log":449,"minecraft:flower_pot":4,"minecraft:bread":115,"minecraft:iron_pickaxe":174,"minecraft:netherite_axe":2,"minecraft:spruce_trapdoor":130,"minecraft:potion":1,"minecraft:cobblestone":169,"minecraft:cooked_porkchop":3,"minecraft:andesite":3,"minecraft:bucket":87,"minecraft:glass_pane":24,"minecraft:birch_stairs":75}},"DataVersion":3465}