{"stats":{"minecraft:custom":{"minecraft:jump":4,"minecraft:open_chest":2,"minecraft:time_since_rest":21554,"minecraft:leave_game":1,"minecraft:sprint_one_cm":3172,"minecraft:play_time":21554,"minecraft:time_since_death":21554,"minecraft:walk_one_cm":1607,"minecraft:interact_with_smoker":1,"minecraft:total_world_time":21554,"minecraft:interact_with_crafting_table":1,"minecraft:drop":1,"minecraft:fly_one_cm":176415},"minecraft:picked_up":{"minecraft:andesite":2,"minecraft:gunpowder":1,"minecraft:torch":29},"minecraft:dropped":{"minecraft:torch":29}},"DataVersion":3465}