{"stats":{"minecraft:picked_up":{"minecraft:andesite":2,"minecraft:gunpowder":1,"minecraft:torch":29},"minecraft:dropped":{"minecraft:torch":29},"minecraft:custom":{"minecraft:jump":4,"minecraft:open_chest":2,"minecraft:time_since_rest":22167,"minecraft:leave_game":2,"minecraft:play_time":22167,"minecraft:sprint_one_cm":3264,"minecraft:time_since_death":22167,"minecraft:walk_one_cm":1635,"minecraft:total_world_time":22167,"minecraft:interact_with_smoker":1,"minecraft:interact_with_crafting_table":1,"minecraft:drop":1,"minecraft:fly_one_cm":176415}},"DataVersion":3465}