{"stats":{"minecraft:picked_up":{"minecraft:crafting_table":1,"minecraft:iron_chestplate":2,"minecraft:azure_bluet":3,"minecraft:stone_brick_stairs":1,"minecraft:shield":3,"minecraft:cornflower":4,"minecraft:string":2,"minecraft:iron_axe":6,"minecraft:flint_and_steel":1,"minecraft:iron_leggings":2,"minecraft:iron_shovel":5,"minecraft:spruce_planks":1,"minecraft:oak_boat":2,"minecraft:poppy":3,"minecraft:iron_pickaxe":8,"minecraft:iron_boots":2,"minecraft:egg":1,"minecraft:raw_iron":257,"minecraft:stick":44,"minecraft:torch":291,"minecraft:spruce_fence":2,"minecraft:porkchop":39,"minecraft:arrow":9,"minecraft:rotten_flesh":26,"minecraft:stone_shovel":1,"minecraft:cobblestone":2,"minecraft:oxeye_daisy":3,"minecraft:cooked_beef":8,"minecraft:water_bucket":1,"minecraft:andesite":2,"minecraft:potato":14,"minecraft:smoker":2,"minecraft:birch_planks":128,"minecraft:oak_log":112,"minecraft:gunpowder":5,"minecraft:dirt":838,"minecraft:bone":8,"minecraft:apple":16,"minecraft:kelp":10,"minecraft:wheat_seeds":107,"minecraft:iron_ingot":189,"minecraft:oak_planks":30,"minecraft:iron_sword":2,"minecraft:cooked_porkchop":3,"minecraft:dandelion":24,"minecraft:blast_furnace":2,"minecraft:diamond":1,"minecraft:iron_helmet":2,"minecraft:golden_apple":1,"minecraft:bread":251,"minecraft:emerald":13,"minecraft:oak_sapling":31,"minecraft:coal":166},"minecraft:custom":{"minecraft:mob_kills":54,"minecraft:interact_with_crafting_table":12,"minecraft:bell_ring":1,"minecraft:leave_game":15,"minecraft:time_since_death":250237,"minecraft:climb_one_cm":4937,"minecraft:sprint_one_cm":754197,"minecraft:walk_one_cm":342860,"minecraft:damage_blocked_by_shield":150,"minecraft:drop":18,"minecraft:talked_to_villager":3,"minecraft:play_time":409674,"minecraft:deaths":3,"minecraft:sneak_time":20525,"minecraft:walk_under_water_one_cm":30209,"minecraft:jump":6051,"minecraft:interact_with_blast_furnace":20,"minecraft:walk_on_water_one_cm":53107,"minecraft:total_world_time":409674,"minecraft:sleep_in_bed":3,"minecraft:time_since_rest":200773,"minecraft:damage_taken":5579,"minecraft:damage_dealt":9676,"minecraft:swim_one_cm":94956,"minecraft:fly_one_cm":1014054,"minecraft:open_chest":31,"minecraft:crouch_one_cm":4253,"minecraft:interact_with_smoker":8,"minecraft:fall_one_cm":144986},"minecraft:dropped":{"minecraft:cobblestone":2,"minecraft:oxeye_daisy":1,"minecraft:dirt":1,"minecraft:torch":29,"minecraft:iron_axe":2,"minecraft:iron_pickaxe":1,"minecraft:dandelion":7,"minecraft:stone_axe":2,"minecraft:stone_shovel":1,"minecraft:spruce_fence":2,"minecraft:flint_and_steel":1,"minecraft:spruce_planks":1,"minecraft:stone_pickaxe":1,"minecraft:stone_brick_stairs":1,"minecraft:cyan_bed":1},"minecraft:broken":{"minecraft:iron_shovel":3},"minecraft:mined":{"minecraft:grass_block":690,"minecraft:iron_ore":1,"minecraft:stone":3,"minecraft:smoker":1,"minecraft:powder_snow":2,"minecraft:crafting_table":1,"minecraft:torch":6,"minecraft:emerald_ore":4,"minecraft:tall_grass":5,"minecraft:wall_torch":6,"minecraft:bee_nest":1,"minecraft:grass":69,"minecraft:coal_ore":22,"minecraft:oak_log":110,"minecraft:gravel":2,"minecraft:dirt":130,"minecraft:oak_leaves":17},"minecraft:used":{"minecraft:iron_shovel":798,"minecraft:flint_and_steel":6,"minecraft:stone_shovel":146,"minecraft:spruce_slab":3,"minecraft:oak_sign":4,"minecraft:spruce_planks":513,"minecraft:chest":1,"minecraft:shield":4,"minecraft:iron_sword":16,"minecraft:wooden_shovel":21,"minecraft:torch":26,"minecraft:dirt":577,"minecraft:soul_sand":10,"minecraft:spruce_stairs":285,"minecraft:cobblestone_wall":24,"minecraft:spruce_fence":56,"minecraft:obsidian":20,"minecraft:glass":50,"minecraft:stone_brick_slab":27,"minecraft:lava_bucket":44,"minecraft:grass_block":25,"minecraft:lantern":30,"minecraft:iron_axe":230,"minecraft:spruce_button":16,"minecraft:chicken_spawn_egg":8,"minecraft:dark_oak_leaves":48,"minecraft:iron_boots":1,"minecraft:stone_brick_stairs":95,"minecraft:stone_bricks":258,"minecraft:scaffolding":16,"minecraft:soul_soil":3,"minecraft:egg":1,"minecraft:cooked_beef":2,"minecraft:iron_leggings":1,"minecraft:water_bucket":126,"minecraft:cow_spawn_egg":9,"minecraft:birch_planks":188,"minecraft:stripped_birch_log":36,"minecraft:glass_bottle":1,"minecraft:oak_planks":6,"minecraft:sheep_spawn_egg":5,"minecraft:spruce_fence_gate":67,"minecraft:tnt":4,"minecraft:crafting_table":2,"minecraft:blast_furnace":2,"minecraft:campfire":186,"minecraft:white_bed":1,"minecraft:infested_stone_bricks":176,"minecraft:smoker":1,"minecraft:oak_log":499,"minecraft:crying_obsidian":1,"minecraft:bread":58,"minecraft:iron_pickaxe":35,"minecraft:pig_spawn_egg":9,"minecraft:spruce_trapdoor":142,"minecraft:fire_charge":1,"minecraft:cobblestone":156,"minecraft:potion":1,"minecraft:cooked_porkchop":3,"minecraft:bucket":163,"minecraft:glass_pane":38,"minecraft:kelp":29,"minecraft:birch_stairs":58},"minecraft:killed":{"minecraft:spider":2,"minecraft:skeleton":8,"minecraft:bee":1,"minecraft:pig":10,"minecraft:creeper":3,"minecraft:zombie":29},"minecraft:crafted":{"minecraft:iron_axe":2,"minecraft:chest":1,"minecraft:red_dye":3,"minecraft:crafting_table":1,"minecraft:bucket":1,"minecraft:blue_dye":4,"minecraft:yellow_dye":17,"minecraft:iron_ingot":64,"minecraft:iron_pickaxe":4,"minecraft:iron_shovel":4,"minecraft:light_gray_dye":5,"minecraft:white_bed":1}},"DataVersion":3465}