{"stats":{"minecraft:dropped":{"minecraft:stone_axe":2,"minecraft:wheat_seeds":3,"minecraft:white_carpet":4,"minecraft:rotten_flesh":3,"minecraft:oak_sapling":2,"minecraft:wooden_pickaxe":1,"minecraft:dandelion":1},"minecraft:crafted":{"minecraft:wooden_sword":1,"minecraft:oak_planks":84,"minecraft:stone_shovel":2,"minecraft:crafting_table":4,"minecraft:wooden_pickaxe":1,"minecraft:furnace":4,"minecraft:bone_meal":6,"minecraft:bucket":1,"minecraft:stone_axe":1,"minecraft:white_carpet":3,"minecraft:bread":42,"minecraft:cooked_mutton":9,"minecraft:air":0,"minecraft:jungle_planks":76,"minecraft:oak_boat":1,"minecraft:charcoal":25,"minecraft:shield":1,"minecraft:stick":40,"minecraft:iron_ingot":7,"minecraft:iron_pickaxe":1,"minecraft:stone_pickaxe":2,"minecraft:stone_sword":1,"minecraft:chest":2,"minecraft:jungle_fence":24,"minecraft:torch":16,"minecraft:stone_hoe":2,"minecraft:wheat":126},"minecraft:custom":{"minecraft:interact_with_furnace":32,"minecraft:mob_kills":35,"minecraft:animals_bred":1,"minecraft:interact_with_crafting_table":25,"minecraft:leave_game":3,"minecraft:time_since_death":48096,"minecraft:climb_one_cm":2006,"minecraft:time_since_rest":48118,"minecraft:sprint_one_cm":198867,"minecraft:damage_taken":1258,"minecraft:walk_one_cm":81299,"minecraft:damage_blocked_by_shield":365,"minecraft:drop":12,"minecraft:damage_dealt":3898,"minecraft:swim_one_cm":19919,"minecraft:fly_one_cm":371794,"minecraft:player_kills":2,"minecraft:open_chest":10,"minecraft:crouch_one_cm":25600,"minecraft:play_time":78627,"minecraft:deaths":2,"minecraft:sneak_time":6738,"minecraft:walk_under_water_one_cm":11035,"minecraft:boat_one_cm":13545,"minecraft:jump":1900,"minecraft:walk_on_water_one_cm":14962,"minecraft:total_world_time":78627,"minecraft:fall_one_cm":63175},"minecraft:killed_by":{"minecraft:player":1},"minecraft:mined":{"minecraft:oak_sapling":3,"minecraft:dandelion":2,"minecraft:crafting_table":7,"minecraft:grass_block":25,"minecraft:poppy":3,"minecraft:jungle_planks":3,"minecraft:jungle_log":56,"minecraft:cobblestone":14,"minecraft:tall_grass":3,"minecraft:oak_planks":3,"minecraft:diorite":2,"minecraft:hay_block":14,"minecraft:furnace":6,"minecraft:carrots":3,"minecraft:fire":7,"minecraft:iron_ore":35,"minecraft:jungle_fence":2,"minecraft:grass":69,"minecraft:coal_ore":90,"minecraft:oak_log":21,"minecraft:vine":8,"minecraft:dirt":3,"minecraft:bamboo":5,"minecraft:stone":75,"minecraft:oak_leaves":53,"minecraft:fern":20},"minecraft:used":{"minecraft:cooked_mutton":6,"minecraft:water_bucket":29,"minecraft:rose_bush":1,"minecraft:stone_sword":91,"minecraft:stone_shovel":32,"minecraft:stone_pickaxe":77,"minecraft:jungle_fence":24,"minecraft:oak_planks":3,"minecraft:chest":2,"minecraft:shield":13,"minecraft:wooden_pickaxe":11,"minecraft:stone_hoe":166,"minecraft:white_wool":7,"minecraft:torch":13,"minecraft:dirt":43,"minecraft:mutton":1,"minecraft:white_carpet":1,"minecraft:crafting_table":9,"minecraft:jungle_planks":5,"minecraft:carrot":13,"minecraft:white_bed":1,"minecraft:lava_bucket":12,"minecraft:bread":17,"minecraft:iron_pickaxe":136,"minecraft:jungle_log":10,"minecraft:stone_axe":126,"minecraft:wooden_sword":5,"minecraft:cobblestone":35,"minecraft:furnace":10,"minecraft:oak_sapling":3,"minecraft:bucket":42,"minecraft:oak_boat":1,"minecraft:egg":1,"minecraft:bone_meal":6},"minecraft:broken":{"minecraft:stone_axe":1,"minecraft:stone_hoe":1},"minecraft:killed":{"minecraft:pig":1,"minecraft:skeleton":8,"minecraft:sheep":20,"minecraft:zombie":2,"minecraft:chicken":4},"minecraft:picked_up":{"minecraft:wooden_axe":1,"minecraft:charcoal":38,"minecraft:crafting_table":7,"minecraft:feather":9,"minecraft:chicken":5,"minecraft:jungle_log":75,"minecraft:jungle_fence":2,"minecraft:wooden_pickaxe":2,"minecraft:birch_planks":5,"minecraft:oak_log":27,"minecraft:dirt":50,"minecraft:paper":6,"minecraft:cooked_mutton":9,"minecraft:white_carpet":4,"minecraft:bone":9,"minecraft:wheat_seeds":35,"minecraft:stone_pickaxe":2,"minecraft:rose_bush":1,"minecraft:jungle_sapling":2,"minecraft:poppy":6,"minecraft:bamboo":41,"minecraft:oak_planks":26,"minecraft:egg":5,"minecraft:furnace":8,"minecraft:stick":38,"minecraft:raw_iron":35,"minecraft:dandelion":7,"minecraft:jungle_planks":2,"minecraft:porkchop":8,"minecraft:diorite":5,"minecraft:carrot":16,"minecraft:white_bed":2,"minecraft:rotten_flesh":6,"minecraft:stone_sword":1,"minecraft:arrow":9,"minecraft:stone_axe":3,"minecraft:hay_block":28,"minecraft:oak_sapling":10,"minecraft:mutton":34,"minecraft:coal":89,"minecraft:white_wool":21,"minecraft:cobblestone":89}},"DataVersion":3465}